SampleName	Reference	Unmodified	Reads_aligned	Knockout	Reason	Insertions	Deletions	Substitutions
E1_MmMsh2ex12	Mm	0.79204584	23736	YES	Frameshift	0,0,	4,2,	0,0,
E1_MmMsh2ex12	MSpretus	0.35509594	16052	YES	Frameshift	0,0,	2,4,	0,0,
F1_MmMsh2ex12	Mm	8.38095238	14175	NO	Unmodified	NA	NA	NA
F1_MmMsh2ex12	MSpretus	0.76040067	13677	NO	InFrame	0,	24,	0,
B5_HsREV7	HsREV7	98.36960952	36801	NO	Unmodified	NA	NA	NA
E10_HsREV7	HsREV7	97.3436946	33844	NO	Unmodified	NA	NA	NA
G4_HsREV7	HsREV7	98.39735495	43553	NO	Unmodified	NA	NA	NA
C1_MmMsh2ex12	Mm	98.87231461	28022	NO	Unmodified	NA	NA	NA
C1_MmMsh2ex12	MSpretus	88.88888889	180	NO	Unmodified	NA	NA	NA
H11_HsREV7	HsREV7	98.5099505	39596	NO	Unmodified	NA	NA	NA
H7_HsREV7	HsREV7	98.37693599	36351	NO	Unmodified	NA	NA	NA
H11_MmMsh2ex12	Mm	62.41197183	1136	NO	Unmodified	NA	NA	NA
H11_MmMsh2ex12	MSpretus	2.49720809	32236	NO	InFrame	0,	6,	0,
D12_MmMsh2ex12	Mm	0.35116153	22212	YES	Frameshift	0,	5,	0,
D12_MmMsh2ex12	MSpretus	0.42406252	16507	YES	Frameshift	0,	5,	0,
D3_HsREV7	HsREV7	97.91572407	33153	NO	Unmodified	NA	NA	NA
A2_HsREV7	HsREV7	98.33152469	36860	NO	Unmodified	NA	NA	NA
C10_HsREV7	HsREV7	98.13140868	42813	NO	Unmodified	NA	NA	NA
F5_MmMsh2ex12	Mm	0.22155755	18054	YES	Frameshift	0,0,	5,4,	0,0,
F5_MmMsh2ex12	MSpretus	0.10003848	12995	YES	Frameshift	0,0,	4,5,	0,0,
E5_MmMsh2ex12	Mm	0.17460073	19473	YES	Frameshift	0,0,	5,13,	0,0,
E5_MmMsh2ex12	MSpretus	0.09170429	14176	YES	Frameshift	0,0,	13,5,	0,0,
F4_HsREV7	HsREV7	98.29863891	34972	NO	Unmodified	NA	NA	NA
D11_HsREV7	HsREV7	98.65656344	27318	NO	Unmodified	NA	NA	NA
C5_MmMsh2ex12	Mm	0.69313877	35635	YES	Frameshift	0,	5,	0,
C5_MmMsh2ex12	MSpretus	1.35135135	148	NO	InsufficientData	NA	NA	NA
C5_HsREV7	HsREV7	34.68261022	37131	NO	Unmodified	NA	NA	NA
E3_HsREV7	HsREV7	98.53987445	21505	NO	Unmodified	NA	NA	NA
E11_MmMsh2ex12	Mm	21.93149916	17810	NO	Unmodified	NA	NA	NA
E11_MmMsh2ex12	MSpretus	14.02997502	12010	NO	Unmodified	NA	NA	NA
A10_MmMsh2ex12	Mm	0.28942164	20731	NO	InFrame	0,0,	3,4,	0,0,
A10_MmMsh2ex12	MSpretus	0.18173557	15407	NO	InFrame	0,0,	4,3,	0,0,
B11_HsREV7	HsREV7	98.53823814	30990	NO	Unmodified	NA	NA	NA
H2_MmMsh2ex12	Mm	99.25285256	24627	NO	Unmodified	NA	NA	NA
H2_MmMsh2ex12	MSpretus	99.01518945	5991	NO	Unmodified	NA	NA	NA
C9_MmMsh2ex12	Mm	0.24941669	24858	NO	InFrame	0,0,	4,6,	0,0,
C9_MmMsh2ex12	MSpretus	0.12483717	18424	NO	InFrame	0,0,	6,4,	0,0,
G12_HsREV7	HsREV7	98.07382452	40962	NO	Unmodified	NA	NA	NA
E9_MmMsh2ex12	Mm	6.09554585	27233	NO	Unmodified	NA	NA	NA
E9_MmMsh2ex12	MSpretus	69.89690722	485	NO	Unmodified	NA	NA	NA
C12_MmMsh2ex12	Mm	3.83739932	34268	YES	Frameshift	0,	1,	0,
C12_MmMsh2ex12	MSpretus	62.57242178	863	NO	Unmodified	NA	NA	NA
F9_MmMsh2ex12	Mm	0.78500293	25605	NO	InFrame	0,0,	5,6,	0,0,
F9_MmMsh2ex12	MSpretus	0.29072786	19262	NO	InFrame	0,0,	6,5,	0,0,
E4_HsREV7	HsREV7	98.5269683	31296	NO	Unmodified	NA	NA	NA
B2_MmMsh2ex12	Mm	93.12	625	NO	Unmodified	NA	NA	NA
B2_MmMsh2ex12	MSpretus	7.2962075	18352	NO	Unmodified	NA	NA	NA
F3_HsREV7	HsREV7	42.40895669	32512	NO	Unmodified	NA	NA	NA
C2_HsREV7	HsREV7	97.82324553	39784	NO	Unmodified	NA	NA	NA
H8_HsREV7	HsREV7	98.27228525	30850	NO	Unmodified	NA	NA	NA
A2_MmMsh2ex12	Mm	88.40206186	388	NO	Unmodified	NA	NA	NA
A2_MmMsh2ex12	MSpretus	0.93135203	19112	YES	Frameshift	0,	41,	0,
G2_MmMsh2ex12	Mm	92.39200197	20255	NO	Unmodified	NA	NA	NA
G2_MmMsh2ex12	MSpretus	8.73896009	15059	NO	Unmodified	NA	NA	NA
A12_HsREV7	HsREV7	91.03474586	34076	NO	Unmodified	NA	NA	NA
D2_MmMsh2ex12	Mm	35.95505618	623	NO	Unmodified	NA	NA	NA
D2_MmMsh2ex12	MSpretus	0.65379651	35638	YES	Frameshift	0,	2,	0,
B11_MmMsh2ex12	MSpretus	0.66225166	151	NO	InsufficientData	NA	NA	NA
F10_MmMsh2ex12	Mm	99.13685524	19232	NO	Unmodified	NA	NA	NA
F10_MmMsh2ex12	MSpretus	98.71244635	13747	NO	Unmodified	NA	NA	NA
H6_MmMsh2ex12	Mm	0.53114168	17886	YES	Frameshift	0,	4,	0,
H6_MmMsh2ex12	MSpretus	0.36669213	13090	YES	Frameshift	0,0,	2,4,	0,0,
D4_HsREV7	HsREV7	98.27489218	21332	NO	Unmodified	NA	NA	NA
A5_HsREV7	HsREV7	81.67550485	37338	NO	Unmodified	NA	NA	NA
B2_HsREV7	HsREV7	98.26327636	32878	NO	Unmodified	NA	NA	NA
A6_MmMsh2ex12	Mm	0.5312085	21084	NO	InFrame	0,0,	5,3,	0,0,
A6_MmMsh2ex12	MSpretus	0.28051294	17468	NO	InFrame	0,0,	3,5,	0,0,
G3_HsREV7	HsREV7	98.54457573	37240	NO	Unmodified	NA	NA	NA
B6_MmMsh2ex12	Mm	0.41442003	22441	YES	Frameshift	0,	26,	0,
B6_MmMsh2ex12	MSpretus	0.21573422	13906	YES	Frameshift	0,	1,	0,
D6_MmMsh2ex12	Mm	0.48721659	20730	NO	InFrame	0,	0,	2,
D6_MmMsh2ex12	MSpretus	0.38626609	16310	NO	InFrame	0,	5,	0,
G6_MmMsh2ex12	Mm	59.55734406	497	NO	Unmodified	NA	NA	NA
G6_MmMsh2ex12	MSpretus	0.41911359	39846	YES	Frameshift	0,	1,	0,
D10_HsREV7	HsREV7	97.74234578	22014	NO	Unmodified	NA	NA	NA
F5_HsREV7	HsREV7	45.38066566	27071	NO	Unmodified	NA	NA	NA
C4_HsREV7	HsREV7	98.68995633	51296	NO	Unmodified	NA	NA	NA
H3_MmMsh2ex12	Mm	0.7183841	21437	YES	Frameshift	0,	5,	0,
H3_MmMsh2ex12	MSpretus	0.20943779	15279	YES	Frameshift	0,0,	1,5,	0,0,
C8_MmMsh2ex12	Mm	88.58914729	12900	NO	Unmodified	NA	NA	NA
C8_MmMsh2ex12	MSpretus	13.86110042	20792	NO	Unmodified	NA	NA	NA
G12_MmMsh2ex12	Mm	85.35525908	19338	NO	Unmodified	NA	NA	NA
G12_MmMsh2ex12	MSpretus	87.90914221	14176	NO	Unmodified	NA	NA	NA
E8_MmMsh2ex12	Mm	0.15281315	21595	NO	InFrame	0,	30,	0,
E8_MmMsh2ex12	MSpretus	0.14967259	10690	NO	InFrame	0,	1,	0,
F8_MmMsh2ex12	Mm	97.47059692	20321	NO	Unmodified	NA	NA	NA
F8_MmMsh2ex12	MSpretus	78.64492036	13121	NO	Unmodified	NA	NA	NA
B3_MmMsh2ex12	Mm	71.84549356	1165	NO	Unmodified	NA	NA	NA
B3_MmMsh2ex12	MSpretus	3.40625498	37666	NO	InFrame	0,0,	4,3,	0,0,
B10_HsREV7	HsREV7	98.4794877	34199	NO	Unmodified	NA	NA	NA
A3_MmMsh2ex12	Mm	99.09370448	18537	NO	Unmodified	NA	NA	NA
A3_MmMsh2ex12	MSpretus	99.25267994	16325	NO	Unmodified	NA	NA	NA
G3_MmMsh2ex12	Mm	43.97163121	141	NO	Unmodified	NA	NA	NA
G3_MmMsh2ex12	MSpretus	0.21917484	33763	YES	Frameshift	0,	5,	0,
E2_HsREV7	HsREV7	98.25722274	21460	NO	Unmodified	NA	NA	NA
D3_MmMsh2ex12	Mm	99.29836871	28505	NO	Unmodified	NA	NA	NA
D3_MmMsh2ex12	MSpretus	93.70629371	143	NO	Unmodified	NA	NA	NA
B4_HsREV7	HsREV7	86.54101407	3767	NO	Unmodified	NA	NA	NA
B10_MmMsh2ex12	Mm	0.4475338	21004	YES	Frameshift	0,0,	1,2,	0,0,
B10_MmMsh2ex12	MSpretus	0.48068364	16851	YES	Frameshift	0,0,	2,1,	0,0,
E11_HsREV7	HsREV7	98.4399942	13782	NO	Unmodified	NA	NA	NA
F11_MmMsh2ex12	Mm	34.46327684	531	NO	Unmodified	NA	NA	NA
F11_MmMsh2ex12	MSpretus	0.31547567	34551	YES	Frameshift	0,	5,	0,
G5_HsREV7	HsREV7	98.41557375	41403	NO	Unmodified	NA	NA	NA
H6_HsREV7	HsREV7	98.28359782	33209	NO	Unmodified	NA	NA	NA
H10_HsREV7	HsREV7	98.43107323	23583	NO	Unmodified	NA	NA	NA
H7_MmMsh2ex12	Mm	50.4	875	NO	Unmodified	NA	NA	NA
H7_MmMsh2ex12	MSpretus	0.83902439	30750	YES	Frameshift	0,	2,	0,
A7_MmMsh2ex12	Mm	15.24338173	18736	NO	Unmodified	NA	NA	NA
A7_MmMsh2ex12	MSpretus	15.58196721	12200	NO	Unmodified	NA	NA	NA
C11_HsREV7	HsREV7	97.87812982	38221	NO	Unmodified	NA	NA	NA
B7_MmMsh2ex12	Mm	49.65034965	572	NO	Unmodified	NA	NA	NA
B7_MmMsh2ex12	MSpretus	0.72636864	41026	YES	Frameshift	0,	5,	0,
D7_MmMsh2ex12	Mm	22.42647059	544	NO	Unmodified	NA	NA	NA
D7_MmMsh2ex12	MSpretus	0.38594186	36534	YES	Frameshift	0,	4,	0,
D2_HsREV7	HsREV7	97.95263261	25545	NO	Unmodified	NA	NA	NA
G7_MmMsh2ex12	Mm	99.33796222	37158	NO	Unmodified	NA	NA	NA
G7_MmMsh2ex12	MSpretus	71.89542484	153	NO	Unmodified	NA	NA	NA
A3_HsREV7	HsREV7	98.04783868	37292	NO	Unmodified	NA	NA	NA
F12_HsREV7	HsREV7	98.91701731	14497	NO	Unmodified	NA	NA	NA
D5_HsREV7	HsREV7	89.77008284	10743	NO	Unmodified	NA	NA	NA
A4_HsREV7	HsREV7	97.57418592	30464	NO	Unmodified	NA	NA	NA
H10_MmMsh2ex12	Mm	0.56095225	21927	NO	InFrame	0,	6,	0,
H10_MmMsh2ex12	MSpretus	0.13183458	14412	NO	InFrame	0,	6,	0,
B3_HsREV7	HsREV7	98.514435	45168	NO	Unmodified	NA	NA	NA
G2_HsREV7	HsREV7	97.87846601	35776	NO	Unmodified	NA	NA	NA
H1_HsREV7	HsREV7	98.19402447	36047	NO	Unmodified	NA	NA	NA
F4_MmMsh2ex12	Mm	0.91023666	28564	YES	Frameshift	0,	25,	0,
F4_MmMsh2ex12	MSpretus	73.88688327	831	NO	Unmodified	NA	NA	NA
E4_MmMsh2ex12	Mm	0.19934438	22574	YES	Frameshift	0,0,	1,4,	0,0,
E4_MmMsh2ex12	MSpretus	0.07200838	15276	YES	Frameshift	0,0,	4,1,	0,0,
E5_HsREV7	HsREV7	98.54002625	36576	NO	Unmodified	NA	NA	NA
C4_MmMsh2ex12	Mm	1.52901245	30935	YES	Frameshift	0,	1,	0,
C4_MmMsh2ex12	MSpretus	7.23140496	484	NO	Unmodified	NA	NA	NA
E10_MmMsh2ex12	Mm	0.33441793	22128	YES	Frameshift	0,0,	5,2,	0,0,
E10_MmMsh2ex12	MSpretus	0.27422303	15316	YES	Frameshift	0,0,	2,5,	0,0,
F2_HsREV7	HsREV7	98.04567353	36739	NO	Unmodified	NA	NA	NA
A11_MmMsh2ex12	Mm	99.14634146	29520	NO	Unmodified	NA	NA	NA
A11_MmMsh2ex12	MSpretus	88.54961832	131	NO	Unmodified	NA	NA	NA
C3_HsREV7	HsREV7	97.74441543	27576	NO	Unmodified	NA	NA	NA
H9_HsREV7	HsREV7	98.25234062	22430	NO	Unmodified	NA	NA	NA
B8_HsREV7	HsREV7	98.09867235	36606	NO	Unmodified	NA	NA	NA
F1_HsREV7	HsREV7	98.09632746	24479	NO	Unmodified	NA	NA	NA
G9_HsREV7	HsREV7	98.39448997	42105	NO	Unmodified	NA	NA	NA
H1_MmMsh2ex12	Mm	11.58890436	17232	NO	Unmodified	NA	NA	NA
H1_MmMsh2ex12	MSpretus	5.84696081	12964	NO	Unmodified	NA	NA	NA
A10_HsREV7	HsREV7	98.12559627	35638	NO	Unmodified	NA	NA	NA
G10_MmMsh2ex12	Mm	73.15540696	17348	NO	Unmodified	NA	NA	NA
G10_MmMsh2ex12	MSpretus	7.30094124	7862	NO	Unmodified	NA	NA	NA
C11_MmMsh2ex12	Mm	0.62756383	32666	YES	Frameshift	0,	17,	0,
C11_MmMsh2ex12	MSpretus	20.52238806	268	NO	Unmodified	NA	NA	NA
B1_MmMsh2ex12	Mm	74.72527473	182	NO	Unmodified	NA	NA	NA
B1_MmMsh2ex12	MSpretus	0.01708701	29262	YES	Frameshift	0,	41,	0,
A1_MmMsh2ex12	Mm	95.632506	24980	NO	Unmodified	NA	NA	NA
A1_MmMsh2ex12	MSpretus	17.46270906	6637	NO	Unmodified	NA	NA	NA
G1_MmMsh2ex12	Mm	98.71980995	22731	NO	Unmodified	NA	NA	NA
G1_MmMsh2ex12	MSpretus	39.28571429	196	NO	Unmodified	NA	NA	NA
G10_HsREV7	HsREV7	98.22687712	33895	NO	Unmodified	NA	NA	NA
E6_HsREV7	HsREV7	97.93462155	33069	NO	Unmodified	NA	NA	NA
D1_MmMsh2ex12	Mm	0.72388831	22241	YES	Frameshift	0,	4,	0,
D1_MmMsh2ex12	MSpretus	0.75690379	16911	YES	Frameshift	0,	4,	0,
B12_MmMsh2ex12	Mm	3.49048905	15929	NO	InFrame	0,	6,	0,
B12_MmMsh2ex12	MSpretus	2.68880706	14393	NO	InFrame	0,0,	5,6,	0,0,
G1_HsREV7	HsREV7	98.18738649	28081	NO	Unmodified	NA	NA	NA
F9_HsREV7	HsREV7	98.37857381	35956	NO	Unmodified	NA	NA	NA
H2_HsREV7	HsREV7	98.01995574	25757	NO	Unmodified	NA	NA	NA
H5_MmMsh2ex12	Mm	0.75237326	19804	YES	Frameshift	0,	5,	0,
H5_MmMsh2ex12	MSpretus	0.35090182	14249	YES	Frameshift	0,	5,	0,
A5_MmMsh2ex12	Mm	0.1576157	34895	YES	Frameshift	0,	4,	0,
A5_MmMsh2ex12	MSpretus	0.15037594	665	NO	InsufficientData	NA	NA	NA
B5_MmMsh2ex12	Mm	96.55273152	13692	NO	Unmodified	NA	NA	NA
B5_MmMsh2ex12	MSpretus	32.55056565	5834	NO	Unmodified	NA	NA	NA
D5_MmMsh2ex12	Mm	0.33391478	20065	NO	InFrame	0,0,	9,1,	0,0,
D5_MmMsh2ex12	MSpretus	0.07314754	13671	NO	InFrame	0,0,	0,5,	2,0,
F11_HsREV7	HsREV7	98.17043691	39299	NO	Unmodified	NA	NA	NA
G5_MmMsh2ex12	Mm	56.74603175	252	NO	Unmodified	NA	NA	NA
G5_MmMsh2ex12	MSpretus	0.32749577	36031	NO	InFrame	0,	6,	0,
A7_HsREV7	HsREV7	98.40949345	28230	NO	Unmodified	NA	NA	NA
D6_HsREV7	HsREV7	98.41714939	27103	NO	Unmodified	NA	NA	NA
E2_MmMsh2ex12	Mm	66.79246707	26497	NO	Unmodified	NA	NA	NA
E2_MmMsh2ex12	MSpretus	43.75	112	NO	Unmodified	NA	NA	NA
D1_HsREV7	HsREV7	98.38362069	14848	NO	Unmodified	NA	NA	NA
E9_HsREV7	HsREV7	98.44045369	27508	NO	Unmodified	NA	NA	NA
F2_MmMsh2ex12	Mm	41.14583333	192	NO	Unmodified	NA	NA	NA
F2_MmMsh2ex12	MSpretus	0.34007329	37933	YES	Frameshift	0,	4,	0,
H9_MmMsh2ex12	Mm	70.82405345	898	NO	Unmodified	NA	NA	NA
H9_MmMsh2ex12	MSpretus	1.94846886	35823	YES	Frameshift	2,	0,	0,
C12_HsREV7	HsREV7	98.16115012	41874	NO	Unmodified	NA	NA	NA
C2_MmMsh2ex12	Mm	0.36228023	18770	NO	InFrame	0,	24,	0,
C2_MmMsh2ex12	MSpretus	0.15022534	11982	NO	InFrame	0,	21,	0,
H12_MmMsh2ex12	Mm	57.92592593	675	NO	Unmodified	NA	NA	NA
H12_MmMsh2ex12	MSpretus	0.82521784	39020	YES	Frameshift	0,	5,	0,
G9_MmMsh2ex12	Mm	69.66936879	32937	NO	Unmodified	NA	NA	NA
G9_MmMsh2ex12	MSpretus	65.56291391	151	NO	Unmodified	NA	NA	NA
D11_MmMsh2ex12	Mm	69.33601987	21341	NO	Unmodified	NA	NA	NA
D11_MmMsh2ex12	MSpretus	95.38930522	7873	NO	Unmodified	NA	NA	NA
D9_MmMsh2ex12	Mm	53.61445783	332	NO	Unmodified	NA	NA	NA
D9_MmMsh2ex12	MSpretus	0.34302964	36440	NO	InFrame	0,	9,	0,
G6_HsREV7	HsREV7	98.29977024	36995	NO	Unmodified	NA	NA	NA
B7_HsREV7	HsREV7	94.72644305	42514	NO	Unmodified	NA	NA	NA
E12_HsREV7	HsREV7	98.25568797	36920	NO	Unmodified	NA	NA	NA
B9_MmMsh2ex12	Mm	46.63885025	12942	NO	Unmodified	NA	NA	NA
B9_MmMsh2ex12	MSpretus	62.32110041	17957	NO	Unmodified	NA	NA	NA
A9_MmMsh2ex12	Mm	51.83823529	272	NO	Unmodified	NA	NA	NA
A9_MmMsh2ex12	MSpretus	0.2224728	32813	NO	InFrame	6,	0,	0,
H5_HsREV7	HsREV7	97.94102877	27878	NO	Unmodified	NA	NA	NA
F6_MmMsh2ex12	Mm	95.02597769	24829	NO	Unmodified	NA	NA	NA
F6_MmMsh2ex12	MSpretus	17.09465792	5335	NO	Unmodified	NA	NA	NA
E1_HsREV7	HsREV7	93.67918172	32654	NO	Unmodified	NA	NA	NA
D9_HsREV7	HsREV7	97.70940537	27984	NO	Unmodified	NA	NA	NA
E6_MmMsh2ex12	Mm	50.0	136	NO	Unmodified	NA	NA	NA
E6_MmMsh2ex12	MSpretus	0.14180916	36669	YES	Frameshift	0,	13,	0,
A8_HsREV7	HsREV7	98.60322677	13388	NO	Unmodified	NA	NA	NA
C6_MmMsh2ex12	Mm	0.37408604	23524	YES	Frameshift	0,	5,	0,
C6_MmMsh2ex12	MSpretus	0.27462896	17114	YES	Frameshift	0,	5,	0,
E12_MmMsh2ex12	Mm	1.32113821	7872	NO	InFrame	0,	67,	0,
E12_MmMsh2ex12	MSpretus	0.30734842	7158	NO	InFrame	0,	6,	0,
C7_HsREV7	HsREV7	98.44007609	31540	NO	Unmodified	NA	NA	NA
F6_HsREV7	HsREV7	98.13593253	30471	NO	Unmodified	NA	NA	NA
E3_MmMsh2ex12	Mm	43.21899736	1895	NO	Unmodified	NA	NA	NA
E3_MmMsh2ex12	MSpretus	0.94801542	28797	YES	Frameshift	0,	4,	0,
F3_MmMsh2ex12	Mm	0.12481797	19228	NO	InFrame	0,0,	4,21,	0,0,
F3_MmMsh2ex12	MSpretus	0.10486707	16211	NO	InFrame	0,0,	21,4,	0,0,
F8_HsREV7	HsREV7	98.26757023	36596	NO	Unmodified	NA	NA	NA
H8_MmMsh2ex12	Mm	54.33962264	265	NO	Unmodified	NA	NA	NA
H8_MmMsh2ex12	MSpretus	0.46184739	34860	YES	Frameshift	0,	2,	0,
C9_HsREV7	HsREV7	98.64552289	44962	NO	Unmodified	NA	NA	NA
B1_HsREV7	HsREV7	98.7222412	14635	NO	Unmodified	NA	NA	NA
H3_HsREV7	HsREV7	98.57627697	46849	NO	Unmodified	NA	NA	NA
C3_MmMsh2ex12	Mm	0.51077894	13313	NO	InFrame	0,	45,	0,
C3_MmMsh2ex12	MSpretus	0.43306585	7851	NO	InFrame	0,	3,	0,
G8_MmMsh2ex12	Mm	0.95422254	23789	YES	Frameshift	0,	11,	0,
G8_MmMsh2ex12	MSpretus	0.46659597	14145	YES	Frameshift	1,0,	0,11,	0,0,
F10_HsREV7	HsREV7	98.35009548	39275	NO	Unmodified	NA	NA	NA
D10_MmMsh2ex12	Mm	0.12518909	19171	YES	Frameshift	0,	25,	0,
D10_MmMsh2ex12	MSpretus	0.32558958	11364	YES	Frameshift	0,	2,	0,
A6_HsREV7	HsREV7	98.50258176	29050	NO	Unmodified	NA	NA	NA
D8_MmMsh2ex12	Mm	0.69873418	19750	YES	Frameshift	0,	4,	0,
D8_MmMsh2ex12	MSpretus	0.57312988	13435	YES	Frameshift	0,	4,	0,
D7_HsREV7	HsREV7	98.42060701	30708	NO	Unmodified	NA	NA	NA
B8_MmMsh2ex12	Mm	97.72782562	20553	NO	Unmodified	NA	NA	NA
B8_MmMsh2ex12	MSpretus	39.50151057	3972	NO	Unmodified	NA	NA	NA
A8_MmMsh2ex12	Mm	0.21465066	33077	YES	Frameshift	0,	22,	0,
A8_MmMsh2ex12	MSpretus	3.3557047	149	NO	InsufficientData	NA	NA	NA
A11_HsREV7	HsREV7	59.30959727	23986	NO	Unmodified	NA	NA	NA
F7_MmMsh2ex12	Mm	96.68282483	21042	NO	Unmodified	NA	NA	NA
F7_MmMsh2ex12	MSpretus	69.14572864	9950	NO	Unmodified	NA	NA	NA
E7_MmMsh2ex12	Mm	96.78624431	19541	NO	Unmodified	NA	NA	NA
E7_MmMsh2ex12	MSpretus	33.82405745	8355	NO	Unmodified	NA	NA	NA
B9_HsREV7	HsREV7	98.32956403	44659	NO	Unmodified	NA	NA	NA
C1_HsREV7	HsREV7	98.57965575	30908	NO	Unmodified	NA	NA	NA
C7_MmMsh2ex12	Mm	98.85212089	22302	NO	Unmodified	NA	NA	NA
C7_MmMsh2ex12	MSpretus	99.04976381	18206	NO	Unmodified	NA	NA	NA
G8_HsREV7	HsREV7	98.21909386	47167	NO	Unmodified	NA	NA	NA
G11_HsREV7	HsREV7	97.42271995	39111	NO	Unmodified	NA	NA	NA
E7_HsREV7	HsREV7	45.76835838	28216	NO	Unmodified	NA	NA	NA
A12_MmMsh2ex12	MSpretus	0.07093456	11278	YES	Frameshift	0,	4,	0,
B12_HsREV7	HsREV7	98.47034808	37721	NO	Unmodified	NA	NA	NA
G11_MmMsh2ex12	Mm	1.34610568	15972	NO	InFrame	0,	6,	0,
G11_MmMsh2ex12	MSpretus	0.2634577	14044	NO	InFrame	0,	18,	0,
C10_MmMsh2ex12	Mm	0.92119504	39731	YES	Frameshift	0,	1,	0,
C10_MmMsh2ex12	MSpretus	2.09205021	239	NO	InsufficientData	NA	NA	NA
D8_HsREV7	HsREV7	98.68972437	33886	NO	Unmodified	NA	NA	NA
A9_HsREV7	HsREV7	97.93467819	14574	NO	Unmodified	NA	NA	NA
C6_HsREV7	HsREV7	95.07063702	42683	NO	Unmodified	NA	NA	NA
F7_HsREV7	HsREV7	98.073768	16457	NO	Unmodified	NA	NA	NA
D12_HsREV7	HsREV7	97.93643197	35521	NO	Unmodified	NA	NA	NA
F12_MmMsh2ex12	Mm	2.01917922	33578	YES	Frameshift	0,	4,	0,
F12_MmMsh2ex12	MSpretus	52.12355212	777	NO	Unmodified	NA	NA	NA
H4_MmMsh2ex12	Mm	96.65644914	24794	NO	Unmodified	NA	NA	NA
H4_MmMsh2ex12	MSpretus	36.70574887	5288	NO	Unmodified	NA	NA	NA
A1_HsREV7	HsREV7	98.58304209	26324	NO	Unmodified	NA	NA	NA
E8_HsREV7	HsREV7	98.0746859	34384	NO	Unmodified	NA	NA	NA
G7_HsREV7	HsREV7	98.46521826	45153	NO	Unmodified	NA	NA	NA
A4_MmMsh2ex12	Mm	99.15266512	27616	NO	Unmodified	NA	NA	NA
A4_MmMsh2ex12	MSpretus	98.56630824	1395	NO	Unmodified	NA	NA	NA
B6_HsREV7	HsREV7	98.14181487	26316	NO	Unmodified	NA	NA	NA
B4_MmMsh2ex12	MSpretus	0.52418394	8394	YES	Frameshift	0,	2,	0,
H4_HsREV7	HsREV7	98.42487169	33902	NO	Unmodified	NA	NA	NA
H12_HsREV7	HsREV7	98.48346001	55653	NO	Unmodified	NA	NA	NA
D4_MmMsh2ex12	Mm	99.33520371	32792	NO	Unmodified	NA	NA	NA
D4_MmMsh2ex12	MSpretus	98.16653934	2618	NO	Unmodified	NA	NA	NA
G4_MmMsh2ex12	Mm	96.94606354	24362	NO	Unmodified	NA	NA	NA
G4_MmMsh2ex12	MSpretus	42.45689655	6032	NO	Unmodified	NA	NA	NA
